MMSI,BaseDateTime,LAT,LON,SOG,COG,Heading,VesselName,IMO,CallSign,VesselType,MP_Mode,Length,Width,Draft,Cargo,TransceiverClass,VesselID
375605000,2025-09-05T15:38:55,18.25452539007519,-64.97642530671966,0,0,0.3194358858937869,DENI,IMO9844382,J8B6015,52,1,28,11,4.7,52,A,1
564702000,2025-09-05T15:38:55,18.232538562376533,-64.98207214497444,0,0,2.183073608685811,EPIC CURACAO,IMO9698288,9V2515,80,1,95,15,5.5,80,A,2
353327000,2025-09-05T15:38:55,18.258425043732938,-64.97733628708029,0,0,-1.2456581798824935,GRAPETREE BAY,IMO8133968,HO8940,31,1,27,8,3.4,52,A,3
375605000,2025-09-05T15:38:56,18.25452335329714,-64.97641184289358,0,0,0.27743874286596937,DENI,IMO9844382,J8B6015,52,1,28,11,4.7,52,A,1
564702000,2025-09-05T15:38:56,18.232549765398804,-64.98207788246668,0,0,2.164220613967319,EPIC CURACAO,IMO9698288,9V2515,80,1,95,15,5.5,80,A,2
353327000,2025-09-05T15:38:56,18.25841383532616,-64.97734150372655,0,0,-1.3035417036675374,GRAPETREE BAY,IMO8133968,HO8940,31,1,27,8,3.4,52,A,3
375605000,2025-09-05T15:38:57,18.254523016971348,-64.97640295885726,0,0,0.1662640421252332,DENI,IMO9844382,J8B6015,52,1,28,11,4.7,52,A,1
564702000,2025-09-05T15:38:57,18.23255710698687,-64.98208202562459,0,0,2.1245752377362495,EPIC CURACAO,IMO9698288,9V2515,80,1,95,15,5.5,80,A,2
353327000,2025-09-05T15:38:57,18.25840593904241,-64.97734302955128,0,0,-1.4904080776051412,GRAPETREE BAY,IMO8133968,HO8940,31,1,27,8,3.4,52,A,3
375605000,2025-09-05T15:38:58,18.254523377752076,-64.9763898000308,0,0,0.07988081985477825,DENI,IMO9844382,J8B6015,52,1,28,11,4.7,52,A,1
564702000,2025-09-05T15:38:58,18.23256788717087,-64.9820885094565,0,0,2.097159250880206,EPIC CURACAO,IMO9698288,9V2515,80,1,95,15,5.5,80,A,2
353327000,2025-09-05T15:38:58,18.258393849937885,-64.9773432433465,0,0,-1.6476588665305913,GRAPETREE BAY,IMO8133968,HO8940,31,1,27,8,3.4,52,A,3
375605000,2025-09-05T15:38:59,18.25452379211155,-64.97638105993308,0,0,-0.03545313145904876,DENI,IMO9844382,J8B6015,52,1,28,11,4.7,52,A,1
564702000,2025-09-05T15:38:59,18.23257507170873,-64.98209274230251,0,0,2.0638207922998943,EPIC CURACAO,IMO9698288,9V2515,80,1,95,15,5.5,80,A,2
353327000,2025-09-05T15:38:59,18.258385509513236,-64.97734312467568,0,0,-1.8740750980425882,GRAPETREE BAY,IMO8133968,HO8940,31,1,27,8,3.4,52,A,3
375605000,2025-09-05T15:39:00,18.25452409571315,-64.97636792534274,0,0,-0.08880527533733606,DENI,IMO9844382,J8B6015,52,1,28,11,4.7,52,A,1
564702000,2025-09-05T15:39:00,18.23258602710927,-64.98209889445575,0,0,2.0501470036883487,EPIC CURACAO,IMO9698288,9V2515,80,1,95,15,5.5,80,A,2
353327000,2025-09-05T15:39:00,18.258372710656158,-64.97734358439124,0,0,-1.990220011634377,GRAPETREE BAY,IMO8133968,HO8940,31,1,27,8,3.4,52,A,3
375605000,2025-09-05T15:39:01,18.25452388240286,-64.97635919932677,0,0,-0.12285310544370555,DENI,IMO9844382,J8B6015,52,1,28,11,4.7,52,A,1
564702000,2025-09-05T15:39:01,18.232593378822152,-64.9821030126244,0,0,2.0444041284976553,EPIC CURACAO,IMO9698288,9V2515,80,1,95,15,5.5,80,A,2
353327000,2025-09-05T15:39:01,18.258364325461002,-64.97734462792083,0,0,-2.0838909923632185,GRAPETREE BAY,IMO8133968,HO8940,31,1,27,8,3.4,52,A,3
375605000,2025-09-05T15:39:02,18.25452282216562,-64.97634622725576,0,0,-0.11566117575841162,DENI,IMO9844382,J8B6015,52,1,28,11,4.7,52,A,1
564702000,2025-09-05T15:39:02,18.232604413619015,-64.982109086246,0,0,2.0494637383622956,EPIC CURACAO,IMO9698288,9V2515,80,1,95,15,5.5,80,A,2
353327000,2025-09-05T15:39:02,18.25835214001544,-64.9773479459964,0,0,-2.089895739719606,GRAPETREE BAY,IMO8133968,HO8940,31,1,27,8,3.4,52,A,3
375605000,2025-09-05T15:39:03,18.254521677093198,-64.97633762554436,0,0,-0.07109498965487424,DENI,IMO9844382,J8B6015,52,1,28,11,4.7,52,A,1
564702000,2025-09-05T15:39:03,18.232611851732656,-64.98211290936642,0,0,2.0661210557896195,EPIC CURACAO,IMO9698288,9V2515,80,1,95,15,5.5,80,A,2
353327000,2025-09-05T15:39:03,18.258344465987197,-64.97735104654207,0,0,-2.028579648952355,GRAPETREE BAY,IMO8133968,HO8940,31,1,27,8,3.4,52,A,3
375605000,2025-09-05T15:39:04,18.25451955489107,-64.97632470749399,0,0,-0.028534564490392326,DENI,IMO9844382,J8B6015,52,1,28,11,4.7,52,A,1
564702000,2025-09-05T15:39:04,18.23262313384248,-64.9821185223479,0,0,2.0801604773686058,EPIC CURACAO,IMO9698288,9V2515,80,1,95,15,5.5,80,A,2
353327000,2025-09-05T15:39:04,18.25833337712784,-64.97735662219829,0,0,-1.9567206895823102,GRAPETREE BAY,IMO8133968,HO8940,31,1,27,8,3.4,52,A,3
375605000,2025-09-05T15:39:04,18.254518061142434,-64.97631606637977,0,0,0.03684213953560159,DENI,IMO9844382,J8B6015,52,1,28,11,4.7,52,A,1
564702000,2025-09-05T15:39:04,18.23263062333843,-64.98212238367684,0,0,2.1002267210137218,EPIC CURACAO,IMO9698288,9V2515,80,1,95,15,5.5,80,A,2
353327000,2025-09-05T15:39:04,18.258325962152558,-64.97736088250093,0,0,-1.83490663030254,GRAPETREE BAY,IMO8133968,HO8940,31,1,27,8,3.4,52,A,3
375605000,2025-09-05T15:39:05,18.254516020664948,-64.97630304227624,0,0,0.0726369589580718,DENI,IMO9844382,J8B6015,52,1,28,11,4.7,52,A,1
564702000,2025-09-05T15:39:05,18.23264175224459,-64.98212823575682,0,0,2.1104688108528062,EPIC CURACAO,IMO9698288,9V2515,80,1,95,15,5.5,80,A,2
353327000,2025-09-05T15:39:05,18.258314818680358,-64.97736697347315,0,0,-1.761671072366535,GRAPETREE BAY,IMO8133968,HO8940,31,1,27,8,3.4,52,A,3
375605000,2025-09-05T15:39:06,18.254514942108425,-64.9762943085868,0,0,0.105093095560632,DENI,IMO9844382,J8B6015,52,1,28,11,4.7,52,A,1
564702000,2025-09-05T15:39:06,18.23264916467901,-64.98213207507537,0,0,2.118550814018766,EPIC CURACAO,IMO9698288,9V2515,80,1,95,15,5.5,80,A,2
353327000,2025-09-05T15:39:06,18.25830716538001,-64.9773707789458,0,0,-1.686083998399312,GRAPETREE BAY,IMO8133968,HO8940,31,1,27,8,3.4,52,A,3
375605000,2025-09-05T15:39:07,18.2545138733345,-64.97628116865486,0,0,0.11071325832036141,DENI,IMO9844382,J8B6015,52,1,28,11,4.7,52,A,1
564702000,2025-09-05T15:39:07,18.232660234889927,-64.98213802305958,0,0,2.1186697677110087,EPIC CURACAO,IMO9698288,9V2515,80,1,95,15,5.5,80,A,2
353327000,2025-09-05T15:39:07,18.258295354519458,-64.97737574038636,0,0,-1.6650429058196352,GRAPETREE BAY,IMO8133968,HO8940,31,1,27,8,3.4,52,A,3
375605000,2025-09-05T15:39:08,18.254513519253226,-64.97627242112026,0,0,0.09791934821422589,DENI,IMO9844382,J8B6015,52,1,28,11,4.7,52,A,1
564702000,2025-09-05T15:39:08,18.232667508661212,-64.98214225335809,0,0,2.112358540598463,EPIC CURACAO,IMO9698288,9V2515,80,1,95,15,5.5,80,A,2
353327000,2025-09-05T15:39:08,18.25828737998576,-64.97737827937732,0,0,-1.675164893922335,GRAPETREE BAY,IMO8133968,HO8940,31,1,27,8,3.4,52,A,3
375605000,2025-09-05T15:39:09,18.254513422846692,-64.97625933404376,0,0,0.07944695004018379,DENI,IMO9844382,J8B6015,52,1,28,11,4.7,52,A,1
564702000,2025-09-05T15:39:09,18.232678337044664,-64.9821486980425,0,0,2.10539731030896,EPIC CURACAO,IMO9698288,9V2515,80,1,95,15,5.5,80,A,2
353327000,2025-09-05T15:39:09,18.25827522748443,-64.97738160095082,0,0,-1.7035547876955428,GRAPETREE BAY,IMO8133968,HO8940,31,1,27,8,3.4,52,A,3
375605000,2025-09-05T15:39:10,18.254513554402756,-64.97625061640072,0,0,0.045882924713588666,DENI,IMO9844382,J8B6015,52,1,28,11,4.7,52,A,1
564702000,2025-09-05T15:39:10,18.23268557968648,-64.98215292759217,0,0,2.093914901400637,EPIC CURACAO,IMO9698288,9V2515,80,1,95,15,5.5,80,A,2
353327000,2025-09-05T15:39:10,18.258267096611455,-64.97738337208904,0,0,-1.7625999478774321,GRAPETREE BAY,IMO8133968,HO8940,31,1,27,8,3.4,52,A,3
375605000,2025-09-05T15:39:11,18.254513856836454,-64.97623755306604,0,0,0.02477727634239559,DENI,IMO9844382,J8B6015,52,1,28,11,4.7,52,A,1
564702000,2025-09-05T15:39:11,18.23269642655101,-64.98215940838891,0,0,2.087330966250518,EPIC CURACAO,IMO9698288,9V2515,80,1,95,15,5.5,80,A,2
353327000,2025-09-05T15:39:11,18.2582548631173,-64.9773856865095,0,0,-1.8032769935677122,GRAPETREE BAY,IMO8133968,HO8940,31,1,27,8,3.4,52,A,3
375605000,2025-09-05T15:39:12,18.254514030522426,-64.97622886516253,0,0,0.0019930803957906662,DENI,IMO9844382,J8B6015,52,1,28,11,4.7,52,A,1
564702000,2025-09-05T15:39:12,18.23270362114689,-64.98216382820117,0,0,2.0812173155176548,EPIC CURACAO,IMO9698288,9V2515,80,1,95,15,5.5,80,A,2
353327000,2025-09-05T15:39:12,18.258246636977855,-64.97738741460952,0,0,-1.8528031423761178,GRAPETREE BAY,IMO8133968,HO8940,31,1,27,8,3.4,52,A,3
375605000,2025-09-05T15:39:13,18.254514139617406,-64.97621584793433,0,0,-0.005093439160636736,DENI,IMO9844382,J8B6015,52,1,28,11,4.7,52,A,1
564702000,2025-09-05T15:39:13,18.232714471418006,-64.982170215395,0,0,2.080207213291008,EPIC CURACAO,IMO9698288,9V2515,80,1,95,15,5.5,80,A,2
353327000,2025-09-05T15:39:13,18.2582344645167,-64.97739004032309,0,0,-1.8728569884241848,GRAPETREE BAY,IMO8133968,HO8940,31,1,27,8,3.4,52,A,3
375605000,2025-09-05T15:39:14,18.25451408587153,-64.97620716548442,0,0,-0.00359310055121126,DENI,IMO9844382,J8B6015,52,1,28,11,4.7,52,A,1
564702000,2025-09-05T15:39:14,18.232721760366825,-64.98217430561284,0,0,2.0826274961878766,EPIC CURACAO,IMO9698288,9V2515,80,1,95,15,5.5,80,A,2
353327000,2025-09-05T15:39:14,18.258226416419895,-64.97739201135722,0,0,-1.8806296247232412,GRAPETREE BAY,IMO8133968,HO8940,31,1,27,8,3.4,52,A,3
375605000,2025-09-05T15:39:15,18.254513838161227,-64.97619415188613,0,0,0.003771817904163763,DENI,IMO9844382,J8B6015,52,1,28,11,4.7,52,A,1
564702000,2025-09-05T15:39:15,18.232732660151942,-64.9821805612238,0,0,2.0859097163651428,EPIC CURACAO,IMO9698288,9V2515,80,1,95,15,5.5,80,A,2
353327000,2025-09-05T15:39:15,18.258214358474028,-64.9773955329248,0,0,-1.8725623590879175,GRAPETREE BAY,IMO8133968,HO8940,31,1,27,8,3.4,52,A,3
375605000,2025-09-05T15:39:16,18.254513602275086,-64.97618548945859,0,0,0.01997202990601593,DENI,IMO9844382,J8B6015,52,1,28,11,4.7,52,A,1
564702000,2025-09-05T15:39:16,18.232739904377937,-64.98218479941747,0,0,2.0915399750367145,EPIC CURACAO,IMO9698288,9V2515,80,1,95,15,5.5,80,A,2
353327000,2025-09-05T15:39:16,18.258206453143426,-64.97739792692582,0,0,-1.84676157366794,GRAPETREE BAY,IMO8133968,HO8940,31,1,27,8,3.4,52,A,3
375605000,2025-09-05T15:39:17,18.25451322889294,-64.97617247906892,0,0,0.03144904578438757,DENI,IMO9844382,J8B6015,52,1,28,11,4.7,52,A,1
564702000,2025-09-05T15:39:17,18.232750833913247,-64.98219099756327,0,0,2.094799705023115,EPIC CURACAO,IMO9698288,9V2515,80,1,95,15,5.5,80,A,2
353327000,2025-09-05T15:39:17,18.258194572896066,-64.97740185729894,0,0,-1.825451632823825,GRAPETREE BAY,IMO8133968,HO8940,31,1,27,8,3.4,52,A,3
375605000,2025-09-05T15:39:18,18.25451304625878,-64.97616520747994,0,0,0.04566421441534882,DENI,IMO9844382,J8B6015,52,1,28,11,4.7,52,A,1
564702000,2025-09-05T15:39:18,18.232756930392235,-64.98219444562457,0,0,2.0979214839621454,EPIC CURACAO,IMO9698288,9V2515,80,1,95,15,5.5,80,A,2
353327000,2025-09-05T15:39:18,18.2581879331284,-64.97740414647878,0,0,-1.795605179360716,GRAPETREE BAY,IMO8133968,HO8940,31,1,27,8,3.4,52,A,3
375605000,2025-09-05T15:39:19,18.25451281070624,-64.97615071731587,0,0,0.05161249745678706,DENI,IMO9844382,J8B6015,52,1,28,11,4.7,52,A,1
564702000,2025-09-05T15:39:19,18.23276896850062,-64.98220162828132,0,0,2.098727036363147,EPIC CURACAO,IMO9698288,9V2515,80,1,95,15,5.5,80,A,2
353327000,2025-09-05T15:39:19,18.258174754357768,-64.97740834948789,0,0,-1.7806454822254785,GRAPETREE BAY,IMO8133968,HO8940,31,1,27,8,3.4,52,A,3
375605000,2025-09-05T15:39:20,18.254512773744214,-64.97614201321744,0,0,0.05433567721876876,DENI,IMO9844382,J8B6015,52,1,28,11,4.7,52,A,1
564702000,2025-09-05T15:39:20,18.232776179776092,-64.98220600172282,0,0,2.098331315053775,EPIC CURACAO,IMO9698288,9V2515,80,1,95,15,5.5,80,A,2
353327000,2025-09-05T15:39:20,18.25816673878676,-64.97741088532035,0,0,-1.7697142442622291,GRAPETREE BAY,IMO8133968,HO8940,31,1,27,8,3.4,52,A,3
375605000,2025-09-05T15:39:21,18.254512867112663,-64.97612893830086,0,0,0.052464901998471536,DENI,IMO9844382,J8B6015,52,1,28,11,4.7,52,A,1
564702000,2025-09-05T15:39:21,18.232787056888615,-64.98221236107851,0,0,2.097398698408719,EPIC CURACAO,IMO9698288,9V2515,80,1,95,15,5.5,80,A,2
353327000,2025-09-05T15:39:21,18.258154705774015,-64.9774143193291,0,0,-1.770238456245852,GRAPETREE BAY,IMO8133968,HO8940,31,1,27,8,3.4,52,A,3
375605000,2025-09-05T15:39:22,18.25451301176672,-64.97612020689743,0,0,0.04600479149266105,DENI,IMO9844382,J8B6015,52,1,28,11,4.7,52,A,1
564702000,2025-09-05T15:39:22,18.23279428537447,-64.98221661391831,0,0,2.0956357999967303,EPIC CURACAO,IMO9698288,9V2515,80,1,95,15,5.5,80,A,2
353327000,2025-09-05T15:39:22,18.258146677337322,-64.97741634199835,0,0,-1.7802164426042928,GRAPETREE BAY,IMO8133968,HO8940,31,1,27,8,3.4,52,A,3
375605000,2025-09-05T15:39:23,18.254513308963,-64.97610713195171,0,0,0.040594109471573867,DENI,IMO9844382,J8B6015,52,1,28,11,4.7,52,A,1
564702000,2025-09-05T15:39:23,18.232805042430826,-64.9822231617036,0,0,2.094498954002433,EPIC CURACAO,IMO9698288,9V2515,80,1,95,15,5.5,80,A,2
353327000,2025-09-05T15:39:23,18.258134506576738,-64.97741943522426,0,0,-1.7907371692934586,GRAPETREE BAY,IMO8133968,HO8940,31,1,27,8,3.4,52,A,3
375605000,2025-09-05T15:39:24,18.254513531828426,-64.97609844216458,0,0,0.03301642692749095,DENI,IMO9844382,J8B6015,52,1,28,11,4.7,52,A,1
564702000,2025-09-05T15:39:24,18.23281223757417,-64.98222745889287,0,0,2.093086610370326,EPIC CURACAO,IMO9698288,9V2515,80,1,95,15,5.5,80,A,2
353327000,2025-09-05T15:39:24,18.258126437532706,-64.97742129546876,0,0,-1.807293986159012,GRAPETREE BAY,IMO8133968,HO8940,31,1,27,8,3.4,52,A,3
375605000,2025-09-05T15:39:25,18.254513860884163,-64.97608541727416,0,0,0.029308225550502734,DENI,IMO9844382,J8B6015,52,1,28,11,4.7,52,A,1
564702000,2025-09-05T15:39:25,18.23282309445501,-64.98223375635651,0,0,2.0923125046331097,EPIC CURACAO,IMO9698288,9V2515,80,1,95,15,5.5,80,A,2
353327000,2025-09-05T15:39:25,18.258114324705797,-64.97742410091703,0,0,-1.8164244687879239,GRAPETREE BAY,IMO8133968,HO8940,31,1,27,8,3.4,52,A,3
375605000,2025-09-05T15:39:26,18.254514061719878,-64.97607673483753,0,0,0.026645499405445746,DENI,IMO9844382,J8B6015,52,1,28,11,4.7,52,A,1
564702000,2025-09-05T15:39:26,18.232830291593245,-64.98223807181779,0,0,2.0914857102370656,EPIC CURACAO,IMO9698288,9V2515,80,1,95,15,5.5,80,A,2
353327000,2025-09-05T15:39:26,18.25810620054935,-64.97742617174231,0,0,-1.8247767505046066,GRAPETREE BAY,IMO8133968,HO8940,31,1,27,8,3.4,52,A,3
375605000,2025-09-05T15:39:27,18.2545143235393,-64.97606374435912,0,0,0.026810027478656216,DENI,IMO9844382,J8B6015,52,1,28,11,4.7,52,A,1
564702000,2025-09-05T15:39:27,18.232841043087166,-64.98224470749034,0,0,2.0912271025190723,EPIC CURACAO,IMO9698288,9V2515,80,1,95,15,5.5,80,A,2
353327000,2025-09-05T15:39:27,18.2580941416275,-64.97742916161678,0,0,-1.8259973278724195,GRAPETREE BAY,IMO8133968,HO8940,31,1,27,8,3.4,52,A,3
375605000,2025-09-05T15:39:28,18.25451447307746,-64.97605510593094,0,0,0.02927547037525126,DENI,IMO9844382,J8B6015,52,1,28,11,4.7,52,A,1
564702000,2025-09-05T15:39:28,18.2328482652882,-64.9822490305291,0,0,2.0912937790851847,EPIC CURACAO,IMO9698288,9V2515,80,1,95,15,5.5,80,A,2
353327000,2025-09-05T15:39:28,18.258086090843584,-64.97743131616159,0,0,-1.8224799811079373,GRAPETREE BAY,IMO8133968,HO8940,31,1,27,8,3.4,52,A,3
375605000,2025-09-05T15:39:29,18.254514678004604,-64.97604213249714,0,0,0.03177063507585601,DENI,IMO9844382,J8B6015,52,1,28,11,4.7,52,A,1
564702000,2025-09-05T15:39:29,18.232859128685256,-64.98225543636963,0,0,2.0916925863615075,EPIC CURACAO,IMO9698288,9V2515,80,1,95,15,5.5,80,A,2
353327000,2025-09-05T15:39:29,18.258074002380052,-64.97743473112816,0,0,-1.8178463920316252,GRAPETREE BAY,IMO8133968,HO8940,31,1,27,8,3.4,52,A,3
375605000,2025-09-05T15:39:30,18.254514815667225,-64.97603346165342,0,0,0.03566622650724623,DENI,IMO9844382,J8B6015,52,1,28,11,4.7,52,A,1
564702000,2025-09-05T15:39:30,18.232866313924998,-64.98225981678821,0,0,2.0927945629114273,EPIC CURACAO,IMO9698288,9V2515,80,1,95,15,5.5,80,A,2
353327000,2025-09-05T15:39:30,18.258066007806903,-64.97743686082681,0,0,-1.8096680738372746,GRAPETREE BAY,IMO8133968,HO8940,31,1,27,8,3.4,52,A,3
375605000,2025-09-05T15:39:31,18.25451504159494,-64.97602044897204,0,0,0.037817827357189145,DENI,IMO9844382,J8B6015,52,1,28,11,4.7,52,A,1
564702000,2025-09-05T15:39:31,18.232877086594144,-64.98226635849181,0,0,2.0937334760239574,EPIC CURACAO,IMO9698288,9V2515,80,1,95,15,5.5,80,A,2
353327000,2025-09-05T15:39:31,18.258053926380306,-64.97744024094472,0,0,-1.8049094294353365,GRAPETREE BAY,IMO8133968,HO8940,31,1,27,8,3.4,52,A,3
375605000,2025-09-05T15:39:32,18.254515213779214,-64.97601176943571,0,0,0.03978695656903074,DENI,IMO9844382,J8B6015,52,1,28,11,4.7,52,A,1
564702000,2025-09-05T15:39:32,18.232884324764008,-64.98227056112242,0,0,2.0950206827220064,EPIC CURACAO,IMO9698288,9V2515,80,1,95,15,5.5,80,A,2
353327000,2025-09-05T15:39:32,18.25804588452762,-64.97744243157602,0,0,-1.800170725426811,GRAPETREE BAY,IMO8133968,HO8940,31,1,27,8,3.4,52,A,3
375605000,2025-09-05T15:39:33,18.254515514326826,-64.97599870755967,0,0,0.04016236075087996,DENI,IMO9844382,J8B6015,52,1,28,11,4.7,52,A,1
564702000,2025-09-05T15:39:33,18.232895153108714,-64.9822769108317,0,0,2.0954801680717017,EPIC CURACAO,IMO9698288,9V2515,80,1,95,15,5.5,80,A,2
353327000,2025-09-05T15:39:33,18.258033862777314,-64.97744546963612,0,0,-1.7988105431725507,GRAPETREE BAY,IMO8133968,HO8940,31,1,27,8,3.4,52,A,3
375605000,2025-09-05T15:39:34,18.254515741786356,-64.97598997287653,0,0,0.03951791619158725,DENI,IMO9844382,J8B6015,52,1,28,11,4.7,52,A,1
564702000,2025-09-05T15:39:34,18.23290230875999,-64.9822813016887,0,0,2.0953926730671633,EPIC CURACAO,IMO9698288,9V2515,80,1,95,15,5.5,80,A,2
353327000,2025-09-05T15:39:34,18.25802576758179,-64.97744762431786,0,0,-1.7994186490377895,GRAPETREE BAY,IMO8133968,HO8940,31,1,27,8,3.4,52,A,3
375605000,2025-09-05T15:39:35,18.254516114240765,-64.97597687883585,0,0,0.038542900141532686,DENI,IMO9844382,J8B6015,52,1,28,11,4.7,52,A,1
564702000,2025-09-05T15:39:35,18.232913082165048,-64.9822878462232,0,0,2.0948333595243125,EPIC CURACAO,IMO9698288,9V2515,80,1,95,15,5.5,80,A,2
353327000,2025-09-05T15:39:35,18.258013686395397,-64.97745065763993,0,0,-1.8008488271984986,GRAPETREE BAY,IMO8133968,HO8940,31,1,27,8,3.4,52,A,3
375605000,2025-09-05T15:39:36,18.25451637726169,-64.97596816559425,0,0,0.03679969500234161,DENI,IMO9844382,J8B6015,52,1,28,11,4.7,52,A,1
564702000,2025-09-05T15:39:36,18.232920313032146,-64.98229212365264,0,0,2.0935474663360734,EPIC CURACAO,IMO9698288,9V2515,80,1,95,15,5.5,80,A,2
353327000,2025-09-05T15:39:36,18.258005644072576,-64.97745263455172,0,0,-1.803535180953744,GRAPETREE BAY,IMO8133968,HO8940,31,1,27,8,3.4,52,A,3
375605000,2025-09-05T15:39:37,18.25451678178106,-64.97595509990022,0,0,0.03574297422039988,DENI,IMO9844382,J8B6015,52,1,28,11,4.7,52,A,1
564702000,2025-09-05T15:39:37,18.232931092046055,-64.98229870748281,0,0,2.0927399722479096,EPIC CURACAO,IMO9698288,9V2515,80,1,95,15,5.5,80,A,2
353327000,2025-09-05T15:39:37,18.25799348935555,-64.97745584707239,0,0,-1.8054506789736036,GRAPETREE BAY,IMO8133968,HO8940,31,1,27,8,3.4,52,A,3
375605000,2025-09-05T15:39:38,18.25451705091981,-64.97594639726609,0,0,0.03467552036311183,DENI,IMO9844382,J8B6015,52,1,28,11,4.7,52,A,1
564702000,2025-09-05T15:39:38,18.232938240702996,-64.98230318399388,0,0,2.0920745376226493,EPIC CURACAO,IMO9698288,9V2515,80,1,95,15,5.5,80,A,2
353327000,2025-09-05T15:39:38,18.257985442594446,-64.97745784742386,0,0,-1.807610858777012,GRAPETREE BAY,IMO8133968,HO8940,31,1,27,8,3.4,52,A,3
375605000,2025-09-05T15:39:39,18.254517446479255,-64.97593339216635,0,0,0.03440308687614374,DENI,IMO9844382,J8B6015,52,1,28,11,4.7,52,A,1
564702000,2025-09-05T15:39:39,18.232949047222437,-64.98230967622712,0,0,2.092128643171375,EPIC CURACAO,IMO9698288,9V2515,80,1,95,15,5.5,80,A,2
353327000,2025-09-05T15:39:39,18.25797333929408,-64.97746093006909,0,0,-1.8086197811400309,GRAPETREE BAY,IMO8133968,HO8940,31,1,27,8,3.4,52,A,3
375605000,2025-09-05T15:39:40,18.25451770399382,-64.975924752787,0,0,0.03461712543955461,DENI,IMO9844382,J8B6015,52,1,28,11,4.7,52,A,1
564702000,2025-09-05T15:39:40,18.23295627556844,-64.98231390777077,0,0,2.0927968874020366,EPIC CURACAO,IMO9698288,9V2515,80,1,95,15,5.5,80,A,2
353327000,2025-09-05T15:39:40,18.257965239528925,-64.97746307867213,0,0,-1.8096302940742202,GRAPETREE BAY,IMO8133968,HO8940,31,1,27,8,3.4,52,A,3
375605000,2025-09-05T15:39:41,18.254518084343818,-64.97591179702938,0,0,0.03506228438921621,DENI,IMO9844382,J8B6015,52,1,28,11,4.7,52,A,1
564702000,2025-09-05T15:39:41,18.232967026858237,-64.98232042497068,0,0,2.0933877988528753,EPIC CURACAO,IMO9698288,9V2515,80,1,95,15,5.5,80,A,2
353327000,2025-09-05T15:39:41,18.257953189587855,-64.97746602078456,0,0,-1.809827441066303,GRAPETREE BAY,IMO8133968,HO8940,31,1,27,8,3.4,52,A,3
375605000,2025-09-05T15:39:42,18.254518337054254,-64.9759031531197,0,0,0.035912288215925,DENI,IMO9844382,J8B6015,52,1,28,11,4.7,52,A,1
564702000,2025-09-05T15:39:42,18.232974187706418,-64.982324795608,0,0,2.0940735325703637,EPIC CURACAO,IMO9698288,9V2515,80,1,95,15,5.5,80,A,2
353327000,2025-09-05T15:39:42,18.257945106389446,-64.97746808304976,0,0,-1.8096473536311284,GRAPETREE BAY,IMO8133968,HO8940,31,1,27,8,3.4,52,A,3
375605000,2025-09-05T15:39:43,18.25451872020812,-64.9758901908382,0,0,0.03644305036644542,DENI,IMO9844382,J8B6015,52,1,28,11,4.7,52,A,1
564702000,2025-09-05T15:39:43,18.232985019879525,-64.98233117889066,0,0,2.09417544097825,EPIC CURACAO,IMO9698288,9V2515,80,1,95,15,5.5,80,A,2
353327000,2025-09-05T15:39:43,18.257932988410776,-64.97747119040251,0,0,-1.8091759234339402,GRAPETREE BAY,IMO8133968,HO8940,31,1,27,8,3.4,52,A,3
375605000,2025-09-05T15:39:44,18.254518938053668,-64.97588297257128,0,0,0.03699012048982691,DENI,IMO9844382,J8B6015,52,1,28,11,4.7,52,A,1
564702000,2025-09-05T15:39:44,18.232991039139165,-64.98233475942723,0,0,2.093793811738018,EPIC CURACAO,IMO9698288,9V2515,80,1,95,15,5.5,80,A,2
353327000,2025-09-05T15:39:44,18.257926297406705,-64.97747279778821,0,0,-1.8077545499218226,GRAPETREE BAY,IMO8133968,HO8940,31,1,27,8,3.4,52,A,3
375605000,2025-09-05T15:39:45,18.254519387386104,-64.975868523705,0,0,0.03713672131248974,DENI,IMO9844382,J8B6015,52,1,28,11,4.7,52,A,1
564702000,2025-09-05T15:39:45,18.233002948442373,-64.98234217504354,0,0,2.093375729554944,EPIC CURACAO,IMO9698288,9V2515,80,1,95,15,5.5,80,A,2
353327000,2025-09-05T15:39:45,18.257912840040824,-64.97747630692535,0,0,-1.8067231892945077,GRAPETREE BAY,IMO8133968,HO8940,31,1,27,8,3.4,52,A,3
375605000,2025-09-05T15:39:46,18.254519667745996,-64.97585981226392,0,0,0.037043433789921955,DENI,IMO9844382,J8B6015,52,1,28,11,4.7,52,A,1
564702000,2025-09-05T15:39:46,18.233010126953978,-64.98234659704052,0,0,2.0928061721583657,EPIC CURACAO,IMO9698288,9V2515,80,1,95,15,5.5,80,A,2
353327000,2025-09-05T15:39:46,18.257904774232227,-64.97747839613089,0,0,-1.8051513354722304,GRAPETREE BAY,IMO8133968,HO8940,31,1,27,8,3.4,52,A,3
375605000,2025-09-05T15:39:47,18.25452010059576,-64.97584672928767,0,0,0.03682964561289902,DENI,IMO9844382,J8B6015,52,1,28,11,4.7,52,A,1
564702000,2025-09-05T15:39:47,18.233020969468665,-64.9823530390444,0,0,2.0926563563845204,EPIC CURACAO,IMO9698288,9V2515,80,1,95,15,5.5,80,A,2
353327000,2025-09-05T15:39:47,18.257892713092748,-64.9774814332835,0,0,-1.8042781564886055,GRAPETREE BAY,IMO8133968,HO8940,31,1,27,8,3.4,52,A,3
375605000,2025-09-05T15:39:48,18.254520394963908,-64.97583800321006,0,0,0.0364227898561212,DENI,IMO9844382,J8B6015,52,1,28,11,4.7,52,A,1
564702000,2025-09-05T15:39:48,18.233028151770633,-64.98235738780494,0,0,2.092892530168818,EPIC CURACAO,IMO9698288,9V2515,80,1,95,15,5.5,80,A,2
353327000,2025-09-05T15:39:48,18.25788461040847,-64.97748362120637,0,0,-1.8039734590367513,GRAPETREE BAY,IMO8133968,HO8940,31,1,27,8,3.4,52,A,3
375605000,2025-09-05T15:39:49,18.254520791953254,-64.97582633982181,0,0,0.03617637453791596,DENI,IMO9844382,J8B6015,52,1,28,11,4.7,52,A,1
564702000,2025-09-05T15:39:49,18.23303768896511,-64.98236327439764,0,0,2.0932893726577375,EPIC CURACAO,IMO9698288,9V2515,80,1,95,15,5.5,80,A,2
353327000,2025-09-05T15:39:49,18.25787385621056,-64.97748634422551,0,0,-1.8043105799001802,GRAPETREE BAY,IMO8133968,HO8940,31,1,27,8,3.4,52,A,3
375605000,2025-09-05T15:39:50,18.25452113886914,-64.97581617020954,0,0,0.03594947901746908,DENI,IMO9844382,J8B6015,52,1,28,11,4.7,52,A,1
564702000,2025-09-05T15:39:50,18.23304607523222,-64.98236827133002,0,0,2.0939031157596735,EPIC CURACAO,IMO9698288,9V2515,80,1,95,15,5.5,80,A,2
353327000,2025-09-05T15:39:50,18.25786446976317,-64.97748864993022,0,0,-1.805568802530719,GRAPETREE BAY,IMO8133968,HO8940,31,1,27,8,3.4,52,A,3
375605000,2025-09-05T15:39:51,18.25452158240594,-64.97580311742904,0,0,0.03592251713532629,DENI,IMO9844382,J8B6015,52,1,28,11,4.7,52,A,1
564702000,2025-09-05T15:39:51,18.23305690884158,-64.98237462450875,0,0,2.0940633484821576,EPIC CURACAO,IMO9698288,9V2515,80,1,95,15,5.5,80,A,2
353327000,2025-09-05T15:39:51,18.257852312543847,-64.97749177662828,0,0,-1.8067537816698132,GRAPETREE BAY,IMO8133968,HO8940,31,1,27,8,3.4,52,A,3
375605000,2025-09-05T15:39:52,18.25452187466602,-64.97579444748844,0,0,0.03605554918564187,DENI,IMO9844382,J8B6015,52,1,28,11,4.7,52,A,1
564702000,2025-09-05T15:39:52,18.233064062159894,-64.98237901504558,0,0,2.0938438481071486,EPIC CURACAO,IMO9698288,9V2515,80,1,95,15,5.5,80,A,2
353327000,2025-09-05T15:39:52,18.257844280717972,-64.97749367763856,0,0,-1.808138940349938,GRAPETREE BAY,IMO8133968,HO8940,31,1,27,8,3.4,52,A,3
375605000,2025-09-05T15:39:53,18.254522309383184,-64.97578146795964,0,0,0.036221797272367025,DENI,IMO9844382,J8B6015,52,1,28,11,4.7,52,A,1
564702000,2025-09-05T15:39:53,18.233074788763403,-64.98238566974429,0,0,2.0934418571590463,EPIC CURACAO,IMO9698288,9V2515,80,1,95,15,5.5,80,A,2
353327000,2025-09-05T15:39:53,18.25783216924105,-64.97749667168021,0,0,-1.8086393455936784,GRAPETREE BAY,IMO8133968,HO8940,31,1,27,8,3.4,52,A,3
375605000,2025-09-05T15:39:54,18.254522598214344,-64.97577282774289,0,0,0.036494396873413826,DENI,IMO9844382,J8B6015,52,1,28,11,4.7,52,A,1
564702000,2025-09-05T15:39:54,18.233082010622475,-64.98238999492006,0,0,2.0926855040820436,EPIC CURACAO,IMO9698288,9V2515,80,1,95,15,5.5,80,A,2
353327000,2025-09-05T15:39:54,18.257824066096376,-64.9774987657281,0,0,-1.8086023851325765,GRAPETREE BAY,IMO8133968,HO8940,31,1,27,8,3.4,52,A,3
375605000,2025-09-05T15:39:55,18.254523032179957,-64.97575988941975,0,0,0.03663648715831682,DENI,IMO9844382,J8B6015,52,1,28,11,4.7,52,A,1
564702000,2025-09-05T15:39:55,18.233092819785423,-64.98239652231699,0,0,2.0923260768595973,EPIC CURACAO,IMO9698288,9V2515,80,1,95,15,5.5,80,A,2
353327000,2025-09-05T15:39:55,18.257812012948193,-64.9775017096828,0,0,-1.8078894678722113,GRAPETREE BAY,IMO8133968,HO8940,31,1,27,8,3.4,52,A,3
375605000,2025-09-05T15:39:56,18.254523324154782,-64.97575126562812,0,0,0.03672240238457212,DENI,IMO9844382,J8B6015,52,1,28,11,4.7,52,A,1
564702000,2025-09-05T15:39:56,18.23309995984814,-64.98240098184245,0,0,2.0923039577134936,EPIC CURACAO,IMO9698288,9V2515,80,1,95,15,5.5,80,A,2
353327000,2025-09-05T15:39:56,18.257803927631606,-64.9775038369692,0,0,-1.8066183611526263,GRAPETREE BAY,IMO8133968,HO8940,31,1,27,8,3.4,52,A,3
375605000,2025-09-05T15:39:57,18.254523769470307,-64.97573829824843,0,0,0.03668052588091627,DENI,IMO9844382,J8B6015,52,1,28,11,4.7,52,A,1
564702000,2025-09-05T15:39:57,18.233110722305604,-64.98240752833948,0,0,2.092658712731581,EPIC CURACAO,IMO9698288,9V2515,80,1,95,15,5.5,80,A,2
353327000,2025-09-05T15:39:57,18.257791812046968,-64.97750700737281,0,0,-1.8058509981267181,GRAPETREE BAY,IMO8133968,HO8940,31,1,27,8,3.4,52,A,3
375605000,2025-09-05T15:39:58,18.25452407139279,-64.97572962695375,0,0,0.036490491569061756,DENI,IMO9844382,J8B6015,52,1,28,11,4.7,52,A,1
564702000,2025-09-05T15:39:58,18.233117957235358,-64.98241175151803,0,0,2.093443832031676,EPIC CURACAO,IMO9698288,9V2515,80,1,95,15,5.5,80,A,2
353327000,2025-09-05T15:39:58,18.25778377368749,-64.97750898429817,0,0,-1.8051344683480255,GRAPETREE BAY,IMO8133968,HO8940,31,1,27,8,3.4,52,A,3
375605000,2025-09-05T15:39:59,18.25452453068507,-64.97571659011106,0,0,0.03631395424086111,DENI,IMO9844382,J8B6015,52,1,28,11,4.7,52,A,1
564702000,2025-09-05T15:39:59,18.233128733301957,-64.98241821621642,0,0,2.093862161433407,EPIC CURACAO,IMO9698288,9V2515,80,1,95,15,5.5,80,A,2
353327000,2025-09-05T15:39:59,18.257771623571582,-64.97751216357739,0,0,-1.8052872343297328,GRAPETREE BAY,IMO8133968,HO8940,31,1,27,8,3.4,52,A,3
375605000,2025-09-05T15:40:00,18.254524840494494,-64.97570787843448,0,0,0.03605366597978364,DENI,IMO9844382,J8B6015,52,1,28,11,4.7,52,A,1
564702000,2025-09-05T15:40:00,18.233135867611477,-64.98242262762744,0,0,2.0940612825295637,EPIC CURACAO,IMO9698288,9V2515,80,1,95,15,5.5,80,A,2
353327000,2025-09-05T15:40:00,18.257763566631844,-64.97751416058118,0,0,-1.8060895890320519,GRAPETREE BAY,IMO8133968,HO8940,31,1,27,8,3.4,52,A,3
375605000,2025-09-05T15:40:01,18.25452530802386,-64.97569477806455,0,0,0.035927779436975234,DENI,IMO9844382,J8B6015,52,1,28,11,4.7,52,A,1
564702000,2025-09-05T15:40:01,18.23314665860333,-64.9824291132535,0,0,2.093810025510979,EPIC CURACAO,IMO9698288,9V2515,80,1,95,15,5.5,80,A,2
353327000,2025-09-05T15:40:01,18.257751489092843,-64.97751706021926,0,0,-1.8067522263393596,GRAPETREE BAY,IMO8133968,HO8940,31,1,27,8,3.4,52,A,3
375605000,2025-09-05T15:40:02,18.254525619557384,-64.97568603509873,0,0,0.03586243363034425,DENI,IMO9844382,J8B6015,52,1,28,11,4.7,52,A,1
564702000,2025-09-05T15:40:02,18.233153884797026,-64.98243341350324,0,0,2.0930309075598377,EPIC CURACAO,IMO9698288,9V2515,80,1,95,15,5.5,80,A,2
353327000,2025-09-05T15:40:02,18.25774337272792,-64.9775191503234,0,0,-1.8077088477937884,GRAPETREE BAY,IMO8133968,HO8940,31,1,27,8,3.4,52,A,3
375605000,2025-09-05T15:40:03,18.254526083913724,-64.97567293852296,0,0,0.035908608590943074,DENI,IMO9844382,J8B6015,52,1,28,11,4.7,52,A,1
564702000,2025-09-05T15:40:03,18.233164623775792,-64.98244008712895,0,0,2.092516590084152,EPIC CURACAO,IMO9698288,9V2515,80,1,95,15,5.5,80,A,2
353327000,2025-09-05T15:40:03,18.257731299812296,-64.97752207299686,0,0,-1.8078649727781695,GRAPETREE BAY,IMO8133968,HO8940,31,1,27,8,3.4,52,A,3
375605000,2025-09-05T15:40:04,18.254526390519807,-64.97566422785421,0,0,0.036087432718378144,DENI,IMO9844382,J8B6015,52,1,28,11,4.7,52,A,1
564702000,2025-09-05T15:40:04,18.23317176993701,-64.98244454905856,0,0,2.0921051219847726,EPIC CURACAO,IMO9698288,9V2515,80,1,95,15,5.5,80,A,2
353327000,2025-09-05T15:40:04,18.257723239578123,-64.97752407521995,0,0,-1.807441965707038,GRAPETREE BAY,IMO8133968,HO8940,31,1,27,8,3.4,52,A,3
375605000,2025-09-05T15:40:05,18.254526845886733,-64.97565119388287,0,0,0.03624790297752393,DENI,IMO9844382,J8B6015,52,1,28,11,4.7,52,A,1
564702000,2025-09-05T15:40:05,18.233182593286102,-64.98245100162983,0,0,2.092197237847983,EPIC CURACAO,IMO9698288,9V2515,80,1,95,15,5.5,80,A,2
353327000,2025-09-05T15:40:05,18.257711089537285,-64.97752727831441,0,0,-1.806976430305791,GRAPETREE BAY,IMO8133968,HO8940,31,1,27,8,3.4,52,A,3
375605000,2025-09-05T15:40:06,18.254527147225936,-64.97564252940691,0,0,0.036477770927342536,DENI,IMO9844382,J8B6015,52,1,28,11,4.7,52,A,1
564702000,2025-09-05T15:40:06,18.233189805366614,-64.98245529128408,0,0,2.0927752931320924,EPIC CURACAO,IMO9698288,9V2515,80,1,95,15,5.5,80,A,2
353327000,2025-09-05T15:40:06,18.25770305402647,-64.97752925907304,0,0,-1.8060024142158124,GRAPETREE BAY,IMO8133968,HO8940,31,1,27,8,3.4,52,A,3
375605000,2025-09-05T15:40:07,18.25452759808278,-64.97562957140094,0,0,0.03658206945890872,DENI,IMO9844382,J8B6015,52,1,28,11,4.7,52,A,1
564702000,2025-09-05T15:40:07,18.233200526849718,-64.982461878167,0,0,2.093275226557429,EPIC CURACAO,IMO9698288,9V2515,80,1,95,15,5.5,80,A,2
353327000,2025-09-05T15:40:07,18.257690932788133,-64.97753239478128,0,0,-1.8056305817303586,GRAPETREE BAY,IMO8133968,HO8940,31,1,27,8,3.4,52,A,3
375605000,2025-09-05T15:40:08,18.254527899427867,-64.9756209476912,0,0,0.03661671907947464,DENI,IMO9844382,J8B6015,52,1,28,11,4.7,52,A,1
564702000,2025-09-05T15:40:08,18.233207695965543,-64.98246620680376,0,0,2.0938081516393017,EPIC CURACAO,IMO9698288,9V2515,80,1,95,15,5.5,80,A,2
353327000,2025-09-05T15:40:08,18.25768284115797,-64.9775345056997,0,0,-1.8057333009280794,GRAPETREE BAY,IMO8133968,HO8940,31,1,27,8,3.4,52,A,3
375605000,2025-09-05T15:40:09,18.25452835558594,-64.97560800843961,0,0,0.036549008596048996,DENI,IMO9844382,J8B6015,52,1,28,11,4.7,52,A,1
564702000,2025-09-05T15:40:09,18.233218530916574,-64.98247257061286,0,0,2.093807039391742,EPIC CURACAO,IMO9698288,9V2515,80,1,95,15,5.5,80,A,2
353327000,2025-09-05T15:40:09,18.25767078183439,-64.97753740729155,0,0,-1.8061021277500062,GRAPETREE BAY,IMO8133968,HO8940,31,1,27,8,3.4,52,A,3
375605000,2025-09-05T15:40:10,18.254528663293268,-64.97559937109419,0,0,0.03633087024093796,DENI,IMO9844382,J8B6015,52,1,28,11,4.7,52,A,1
564702000,2025-09-05T15:40:10,18.233225713970896,-64.98247693842264,0,0,2.093326654261829,EPIC CURACAO,IMO9698288,9V2515,80,1,95,15,5.5,80,A,2
353327000,2025-09-05T15:40:10,18.25766267945075,-64.9775394708356,0,0,-1.8070925263057058,GRAPETREE BAY,IMO8133968,HO8940,31,1,27,8,3.4,52,A,3
375605000,2025-09-05T15:40:11,18.25452913018845,-64.97558638958377,0,0,0.03613903234460416,DENI,IMO9844382,J8B6015,52,1,28,11,4.7,52,A,1
564702000,2025-09-05T15:40:11,18.233236425438065,-64.98248365078938,0,0,2.092847346273426,EPIC CURACAO,IMO9698288,9V2515,80,1,95,15,5.5,80,A,2
353327000,2025-09-05T15:40:11,18.25765056857645,-64.97754246496811,0,0,-1.807665413003334,GRAPETREE BAY,IMO8133968,HO8940,31,1,27,8,3.4,52,A,3
375605000,2025-09-05T15:40:12,18.254529444441673,-64.9755777112403,0,0,0.035854477800105276,DENI,IMO9844382,J8B6015,52,1,28,11,4.7,52,A,1
564702000,2025-09-05T15:40:12,18.233243618510485,-64.98248801976352,0,0,2.092183123920637,EPIC CURACAO,IMO9698288,9V2515,80,1,95,15,5.5,80,A,2
353327000,2025-09-05T15:40:12,18.25764253045978,-64.97754436770241,0,0,-1.807875455150173,GRAPETREE BAY,IMO8133968,HO8940,31,1,27,8,3.4,52,A,3
375605000,2025-09-05T15:40:13,18.25452991857153,-64.97556465257962,0,0,0.03570809827792161,DENI,IMO9844382,J8B6015,52,1,28,11,4.7,52,A,1
564702000,2025-09-05T15:40:13,18.23325444857003,-64.98249448794482,0,0,2.091984185878317,EPIC CURACAO,IMO9698288,9V2515,80,1,95,15,5.5,80,A,2
353327000,2025-09-05T15:40:13,18.257630375427684,-64.97754751598023,0,0,-1.8077551529241824,GRAPETREE BAY,IMO8133968,HO8940,31,1,27,8,3.4,52,A,3
375605000,2025-09-05T15:40:14,18.254530235067232,-64.97555592601917,0,0,0.03560584567518211,DENI,IMO9844382,J8B6015,52,1,28,11,4.7,52,A,1
564702000,2025-09-05T15:40:14,18.233261610867174,-64.9824989036741,0,0,2.0922100278984352,EPIC CURACAO,IMO9698288,9V2515,80,1,95,15,5.5,80,A,2
353327000,2025-09-05T15:40:14,18.257622321086945,-64.97754952860716,0,0,-1.806939865418516,GRAPETREE BAY,IMO8133968,HO8940,31,1,27,8,3.4,52,A,3
375605000,2025-09-05T15:40:15,18.25453070780551,-64.97554282351328,0,0,0.03562835683674583,DENI,IMO9844382,J8B6015,52,1,28,11,4.7,52,A,1
564702000,2025-09-05T15:40:15,18.23327234439358,-64.98250548657609,0,0,2.0926519945489934,EPIC CURACAO,IMO9698288,9V2515,80,1,95,15,5.5,80,A,2
353327000,2025-09-05T15:40:15,18.257610237997724,-64.97755256373188,0,0,-1.8062319883114413,GRAPETREE BAY,IMO8133968,HO8940,31,1,27,8,3.4,52,A,3
375605000,2025-09-05T15:40:16,18.25453102061116,-64.9755340894117,0,0,0.03578270261383065,DENI,IMO9844382,J8B6015,52,1,28,11,4.7,52,A,1
564702000,2025-09-05T15:40:16,18.23327956166984,-64.98250971754773,0,0,2.0933654465406737,EPIC CURACAO,IMO9698288,9V2515,80,1,95,15,5.5,80,A,2
353327000,2025-09-05T15:40:16,18.257602127582427,-64.97755473911242,0,0,-1.8056455456718614,GRAPETREE BAY,IMO8133968,HO8940,31,1,27,8,3.4,52,A,3
375605000,2025-09-05T15:40:17,18.254531485256052,-64.97552100609096,0,0,0.035938117978746006,DENI,IMO9844382,J8B6015,52,1,28,11,4.7,52,A,1
564702000,2025-09-05T15:40:17,18.23329036794842,-64.98251612314817,0,0,2.0936102238733234,EPIC CURACAO,IMO9698288,9V2515,80,1,95,15,5.5,80,A,2
353327000,2025-09-05T15:40:17,18.257590058978312,-64.9775577280284,0,0,-1.8055321423939257,GRAPETREE BAY,IMO8133968,HO8940,31,1,27,8,3.4,52,A,3
375605000,2025-09-05T15:40:18,18.254531741508057,-64.9755137407812,0,0,0.03618236041866476,DENI,IMO9844382,J8B6015,52,1,28,11,4.7,52,A,1
564702000,2025-09-05T15:40:18,18.233296333065258,-64.98251981648063,0,0,2.093508816479712,EPIC CURACAO,IMO9698288,9V2515,80,1,95,15,5.5,80,A,2
353327000,2025-09-05T15:40:18,18.257583322465646,-64.97755940436944,0,0,-1.8060489335071022,GRAPETREE BAY,IMO8133968,HO8940,31,1,27,8,3.4,52,A,3
375605000,2025-09-05T15:40:20,18.254532249069797,-64.9754992956108,0,0,0.036310484553985216,DENI,IMO9844382,J8B6015,52,1,28,11,4.7,52,A,1
564702000,2025-09-05T15:40:20,18.233308267451843,-64.98252713559954,0,0,2.093126697750356,EPIC CURACAO,IMO9698288,9V2515,80,1,95,15,5.5,80,A,2
353327000,2025-09-05T15:40:20,18.257569837548697,-64.97756285375415,0,0,-1.8067571174637767,GRAPETREE BAY,IMO8133968,HO8940,31,1,27,8,3.4,52,A,3
375605000,2025-09-05T15:40:21,18.254532553250247,-64.97549064547793,0,0,0.03639130648340263,DENI,IMO9844382,J8B6015,52,1,28,11,4.7,52,A,1
564702000,2025-09-05T15:40:21,18.233315491963918,-64.98253143463802,0,0,2.0923236697444416,EPIC CURACAO,IMO9698288,9V2515,80,1,95,15,5.5,80,A,2
353327000,2025-09-05T15:40:21,18.25756180554597,-64.97756473579383,0,0,-1.807649271325593,GRAPETREE BAY,IMO8133968,HO8940,31,1,27,8,3.4,52,A,3
375605000,2025-09-05T15:40:22,18.254533011397545,-64.97547769274925,0,0,0.03635261292975894,DENI,IMO9844382,J8B6015,52,1,28,11,4.7,52,A,1
564702000,2025-09-05T15:40:22,18.233326264274332,-64.98253804025056,0,0,2.091909406218239,EPIC CURACAO,IMO9698288,9V2515,80,1,95,15,5.5,80,A,2
353327000,2025-09-05T15:40:22,18.25754967319675,-64.97756776810368,0,0,-1.8080569626931875,GRAPETREE BAY,IMO8133968,HO8940,31,1,27,8,3.4,52,A,3
375605000,2025-09-05T15:40:23,18.254533319204967,-64.975469064381,0,0,0.03615897264589864,DENI,IMO9844382,J8B6015,52,1,28,11,4.7,52,A,1
564702000,2025-09-05T15:40:23,18.233333407033182,-64.98254251490863,0,0,2.0917857157188613,EPIC CURACAO,IMO9698288,9V2515,80,1,95,15,5.5,80,A,2
353327000,2025-09-05T15:40:23,18.257541585802123,-64.97756981929632,0,0,-1.808047105963151,GRAPETREE BAY,IMO8133968,HO8940,31,1,27,8,3.4,52,A,3
375605000,2025-09-05T15:40:24,18.25453378559125,-64.97545611454376,0,0,0.035962825708504814,DENI,IMO9844382,J8B6015,52,1,28,11,4.7,52,A,1
564702000,2025-09-05T15:40:24,18.23334420457485,-64.98254899395688,0,0,2.092084711262147,EPIC CURACAO,IMO9698288,9V2515,80,1,95,15,5.5,80,A,2
353327000,2025-09-05T15:40:24,18.2575295272137,-64.97757274770338,0,0,-1.8074890362577802,GRAPETREE BAY,IMO8133968,HO8940,31,1,27,8,3.4,52,A,3
375605000,2025-09-05T15:40:25,18.254534099543182,-64.97544746606661,0,0,0.035637573596016166,DENI,IMO9844382,J8B6015,52,1,28,11,4.7,52,A,1
564702000,2025-09-05T15:40:25,18.233351428224363,-64.98255322796541,0,0,2.0928154790825966,EPIC CURACAO,IMO9698288,9V2515,80,1,95,15,5.5,80,A,2
353327000,2025-09-05T15:40:25,18.257521424583558,-64.97757489289954,0,0,-1.8065955358158097,GRAPETREE BAY,IMO8133968,HO8940,31,1,27,8,3.4,52,A,3
375605000,2025-09-05T15:40:26,18.254534573646595,-64.97543446077748,0,0,0.035445549540818494,DENI,IMO9844382,J8B6015,52,1,28,11,4.7,52,A,1
564702000,2025-09-05T15:40:26,18.2333621703043,-64.98255976488322,0,0,2.093254159560373,EPIC CURACAO,IMO9698288,9V2515,80,1,95,15,5.5,80,A,2
353327000,2025-09-05T15:40:26,18.257509323857825,-64.97757799751446,0,0,-1.80602489118494,GRAPETREE BAY,IMO8133968,HO8940,31,1,27,8,3.4,52,A,3
375605000,2025-09-05T15:40:28,18.254534890625237,-64.97542576835609,0,0,0.03525941753255134,DENI,IMO9844382,J8B6015,52,1,28,11,4.7,52,A,1
564702000,2025-09-05T15:40:28,18.23336932297856,-64.98256414985315,0,0,2.093517245095883,EPIC CURACAO,IMO9698288,9V2515,80,1,95,15,5.5,80,A,2
353327000,2025-09-05T15:40:28,18.25750127809526,-64.9775799841029,0,0,-1.8055710194144468,GRAPETREE BAY,IMO8133968,HO8940,31,1,27,8,3.4,52,A,3
375605000,2025-09-05T15:40:29,18.25453536532157,-64.97541269966655,0,0,0.0352276553366309,DENI,IMO9844382,J8B6015,52,1,28,11,4.7,52,A,1
564702000,2025-09-05T15:40:29,18.233380144647295,-64.98257056424592,0,0,2.0933004560432757,EPIC CURACAO,IMO9698288,9V2515,80,1,95,15,5.5,80,A,2
353327000,2025-09-05T15:40:29,18.257489119634066,-64.97758316938578,0,0,-1.805829867243124,GRAPETREE BAY,IMO8133968,HO8940,31,1,27,8,3.4,52,A,3
375605000,2025-09-05T15:40:30,18.25453568004346,-64.97540397250833,0,0,0.035322134226602867,DENI,IMO9844382,J8B6015,52,1,28,11,4.7,52,A,1
564702000,2025-09-05T15:40:30,18.233387347479955,-64.9825748957645,0,0,2.0925772374073364,EPIC CURACAO,IMO9698288,9V2515,80,1,95,15,5.5,80,A,2
353327000,2025-09-05T15:40:30,18.257481071991435,-64.97758512578041,0,0,-1.8066329102017542,GRAPETREE BAY,IMO8133968,HO8940,31,1,27,8,3.4,52,A,3
375605000,2025-09-05T15:40:31,18.254536148060353,-64.97539087725794,0,0,0.035460334276970214,DENI,IMO9844382,J8B6015,52,1,28,11,4.7,52,A,1
564702000,2025-09-05T15:40:31,18.233398064927652,-64.98258161346533,0,0,2.0920749780284096,EPIC CURACAO,IMO9698288,9V2515,80,1,95,15,5.5,80,A,2
353327000,2025-09-05T15:40:31,18.257468976429326,-64.97758806171055,0,0,-1.8072788490565124,GRAPETREE BAY,IMO8133968,HO8940,31,1,27,8,3.4,52,A,3
375605000,2025-09-05T15:40:32,18.254536457055345,-64.9753821551262,0,0,0.03571794004391021,DENI,IMO9844382,J8B6015,52,1,28,11,4.7,52,A,1
564702000,2025-09-05T15:40:32,18.23340523953458,-64.98258603047304,0,0,2.0916116318311317,EPIC CURACAO,IMO9698288,9V2515,80,1,95,15,5.5,80,A,2
353327000,2025-09-05T15:40:32,18.25746086502687,-64.97759014226067,0,0,-1.8081380065739074,GRAPETREE BAY,IMO8133968,HO8940,31,1,27,8,3.4,52,A,3
375605000,2025-09-05T15:40:33,18.254536916682778,-64.97536909608488,0,0,0.03587863350256426,DENI,IMO9844382,J8B6015,52,1,28,11,4.7,52,A,1
564702000,2025-09-05T15:40:33,18.233416077220838,-64.98259245893499,0,0,2.0916384943963964,EPIC CURACAO,IMO9698288,9V2515,80,1,95,15,5.5,80,A,2
353327000,2025-09-05T15:40:33,18.25744880278746,-64.97759302708027,0,0,-1.8081938397388235,GRAPETREE BAY,IMO8133968,HO8940,31,1,27,8,3.4,52,A,3
375605000,2025-09-05T15:40:35,18.254537221466425,-64.97536040993074,0,0,0.03603159736249359,DENI,IMO9844382,J8B6015,52,1,28,11,4.7,52,A,1
564702000,2025-09-05T15:40:35,18.2334232597809,-64.9825968034058,0,0,2.0921392434331842,EPIC CURACAO,IMO9698288,9V2515,80,1,95,15,5.5,80,A,2
353327000,2025-09-05T15:40:35,18.25744072521439,-64.97759506513545,0,0,-1.8077235235531721,GRAPETREE BAY,IMO8133968,HO8940,31,1,27,8,3.4,52,A,3
375605000,2025-09-05T15:40:36,18.254537678473348,-64.97534741299405,0,0,0.03604453893344831,DENI,IMO9844382,J8B6015,52,1,28,11,4.7,52,A,1
564702000,2025-09-05T15:40:36,18.233432798550112,-64.98260268025437,0,0,2.092636021924162,EPIC CURACAO,IMO9698288,9V2515,80,1,95,15,5.5,80,A,2
353327000,2025-09-05T15:40:36,18.257428587006963,-64.97759823524171,0,0,-1.807196280205111,GRAPETREE BAY,IMO8133968,HO8940,31,1,27,8,3.4,52,A,3
375605000,2025-09-05T15:40:37,18.254537984408202,-64.97533876641458,0,0,0.03591144864076492,DENI,IMO9844382,J8B6015,52,1,28,11,4.7,52,A,1
564702000,2025-09-05T15:40:37,18.2334411815543,-64.9826076690117,0,0,2.093203787321534,EPIC CURACAO,IMO9698288,9V2515,80,1,95,15,5.5,80,A,2
353327000,2025-09-05T15:40:37,18.25742055545561,-64.9776002038583,0,0,-1.8061513057643273,GRAPETREE BAY,IMO8133968,HO8940,31,1,27,8,3.4,52,A,3
375605000,2025-09-05T15:40:38,18.254538447184252,-64.97532580844376,0,0,0.03573273570787524,DENI,IMO9844382,J8B6015,52,1,28,11,4.7,52,A,1
564702000,2025-09-05T15:40:38,18.23345201091966,-64.98261403921396,0,0,2.09324415063765,EPIC CURACAO,IMO9698288,9V2515,80,1,95,15,5.5,80,A,2
353327000,2025-09-05T15:40:38,18.257408417342734,-64.97760338208133,0,0,-1.8057935061481605,GRAPETREE BAY,IMO8133968,HO8940,31,1,27,8,3.4,52,A,3
375605000,2025-09-05T15:40:39,18.254538707170408,-64.97531859365742,0,0,0.035383782484389614,DENI,IMO9844382,J8B6015,52,1,28,11,4.7,52,A,1
564702000,2025-09-05T15:40:39,18.23345798899256,-64.9826177148212,0,0,2.0928503914752343,EPIC CURACAO,IMO9698288,9V2515,80,1,95,15,5.5,80,A,2
353327000,2025-09-05T15:40:39,18.257401664821405,-64.97760513132395,0,0,-1.8058728036088596,GRAPETREE BAY,IMO8133968,HO8940,31,1,27,8,3.4,52,A,3
375605000,2025-09-05T15:40:40,18.254539229790637,-64.97530419477988,0,0,0.03514165049254775,DENI,IMO9844382,J8B6015,52,1,28,11,4.7,52,A,1
564702000,2025-09-05T15:40:40,18.233469896878052,-64.98262511911767,0,0,2.092384458623957,EPIC CURACAO,IMO9698288,9V2515,80,1,95,15,5.5,80,A,2
353327000,2025-09-05T15:40:40,18.257388271995104,-64.97760837115912,0,0,-1.8062594037408728,GRAPETREE BAY,IMO8133968,HO8940,31,1,27,8,3.4,52,A,3
375605000,2025-09-05T15:40:41,18.254539545419625,-64.9752955316821,0,0,0.034844440407538584,DENI,IMO9844382,J8B6015,52,1,28,11,4.7,52,A,1
564702000,2025-09-05T15:40:41,18.233477116531628,-64.9826294416195,0,0,2.0916667022718847,EPIC CURACAO,IMO9698288,9V2515,80,1,95,15,5.5,80,A,2
353327000,2025-09-05T15:40:41,18.257380162415373,-64.97761045713736,0,0,-1.8073424175863058,GRAPETREE BAY,IMO8133968,HO8940,31,1,27,8,3.4,52,A,3
375605000,2025-09-05T15:40:43,18.25454001910446,-64.97528250842637,0,0,0.03472851131598857,DENI,IMO9844382,J8B6015,52,1,28,11,4.7,52,A,1
564702000,2025-09-05T15:40:43,18.233487923137293,-64.98263596290016,0,0,2.091407698739926,EPIC CURACAO,IMO9698288,9V2515,80,1,95,15,5.5,80,A,2
353327000,2025-09-05T15:40:43,18.257368069725533,-64.97761340085071,0,0,-1.8079580135038675,GRAPETREE BAY,IMO8133968,HO8940,31,1,27,8,3.4,52,A,3
375605000,2025-09-05T15:40:44,18.254540281974226,-64.97527524347413,0,0,0.0347126585738239,DENI,IMO9844382,J8B6015,52,1,28,11,4.7,52,A,1
564702000,2025-09-05T15:40:44,18.233495067739085,-64.9826404124084,0,0,2.0915605988396466,EPIC CURACAO,IMO9698288,9V2515,80,1,95,15,5.5,80,A,2
353327000,2025-09-05T15:40:44,18.25736001885902,-64.97761532687338,0,0,-1.8082942209409167,GRAPETREE BAY,IMO8133968,HO8940,31,1,27,8,3.4,52,A,3
375605000,2025-09-05T15:40:45,18.254540802238306,-64.97526073817181,0,0,0.03480394722318936,DENI,IMO9844382,J8B6015,52,1,28,11,4.7,52,A,1
564702000,2025-09-05T15:40:45,18.233505835482543,-64.98264693109851,0,0,2.0919865901091255,EPIC CURACAO,IMO9698288,9V2515,80,1,95,15,5.5,80,A,2
353327000,2025-09-05T15:40:45,18.257347861466286,-64.97761847801003,0,0,-1.8082388358581791,GRAPETREE BAY,IMO8133968,HO8940,31,1,27,8,3.4,52,A,3
375605000,2025-09-05T15:40:46,18.25454111156727,-64.97525202054314,0,0,0.035047667386999284,DENI,IMO9844382,J8B6015,52,1,28,11,4.7,52,A,1
564702000,2025-09-05T15:40:46,18.233511873797752,-64.98265044698047,0,0,2.0927132785536027,EPIC CURACAO,IMO9698288,9V2515,80,1,95,15,5.5,80,A,2
353327000,2025-09-05T15:40:46,18.257339821290053,-64.97762045444881,0,0,-1.807418265255993,GRAPETREE BAY,IMO8133968,HO8940,31,1,27,8,3.4,52,A,3
375605000,2025-09-05T15:40:47,18.25454157114966,-64.97523894685125,0,0,0.03523710526549987,DENI,IMO9844382,J8B6015,52,1,28,11,4.7,52,A,1
564702000,2025-09-05T15:40:47,18.233523840162242,-64.98265761442846,0,0,2.0930065505279303,EPIC CURACAO,IMO9698288,9V2515,80,1,95,15,5.5,80,A,2
353327000,2025-09-05T15:40:47,18.257327720707664,-64.9776235332849,0,0,-1.8067352192026962,GRAPETREE BAY,IMO8133968,HO8940,31,1,27,8,3.4,52,A,3
375605000,2025-09-05T15:40:48,18.254541875233215,-64.97523023936306,0,0,0.035476870165913096,DENI,IMO9844382,J8B6015,52,1,28,11,4.7,52,A,1
564702000,2025-09-05T15:40:48,18.233530980152093,-64.98266203679549,0,0,2.092979755158406,EPIC CURACAO,IMO9698288,9V2515,80,1,95,15,5.5,80,A,2
353327000,2025-09-05T15:40:48,18.2573196141324,-64.97762569782668,0,0,-1.8060945897766592,GRAPETREE BAY,IMO8133968,HO8940,31,1,27,8,3.4,52,A,3
375605000,2025-09-05T15:40:49,18.25454232957917,-64.97521720143297,0,0,0.03556273396809189,DENI,IMO9844382,J8B6015,52,1,28,11,4.7,52,A,1
564702000,2025-09-05T15:40:49,18.233541776859514,-64.98266853373495,0,0,2.092608067090041,EPIC CURACAO,IMO9698288,9V2515,80,1,95,15,5.5,80,A,2
353327000,2025-09-05T15:40:49,18.257307554382148,-64.97762866542416,0,0,-1.8059083045486826,GRAPETREE BAY,IMO8133968,HO8940,31,1,27,8,3.4,52,A,3
375605000,2025-09-05T15:40:51,18.254542632665842,-64.97520852653686,0,0,0.035532085012066436,DENI,IMO9844382,J8B6015,52,1,28,11,4.7,52,A,1
564702000,2025-09-05T15:40:51,18.233548999964256,-64.98267283998922,0,0,2.091788887631894,EPIC CURACAO,IMO9698288,9V2515,80,1,95,15,5.5,80,A,2
353327000,2025-09-05T15:40:51,18.25729946868626,-64.97763072842639,0,0,-1.8063736178383847,GRAPETREE BAY,IMO8133968,HO8940,31,1,27,8,3.4,52,A,3
375605000,2025-09-05T15:40:52,18.25454308999046,-64.9751955330575,0,0,0.03530386302945776,DENI,IMO9844382,J8B6015,52,1,28,11,4.7,52,A,1
564702000,2025-09-05T15:40:52,18.23355974040593,-64.98267951241522,0,0,2.0912103195182787,EPIC CURACAO,IMO9698288,9V2515,80,1,95,15,5.5,80,A,2
353327000,2025-09-05T15:40:52,18.25728733628836,-64.9776338022267,0,0,-1.807349387543994,GRAPETREE BAY,IMO8133968,HO8940,31,1,27,8,3.4,52,A,3
375605000,2025-09-05T15:40:53,18.254543397592204,-64.9751868783421,0,0,0.035065804379789726,DENI,IMO9844382,J8B6015,52,1,28,11,4.7,52,A,1
564702000,2025-09-05T15:40:53,18.233566895291474,-64.98268395983048,0,0,2.091154696282939,EPIC CURACAO,IMO9698288,9V2515,80,1,95,15,5.5,80,A,2
353327000,2025-09-05T15:40:53,18.25727930178419,-64.977635684671,0,0,-1.8078960371266684,GRAPETREE BAY,IMO8133968,HO8940,31,1,27,8,3.4,52,A,3
375605000,2025-09-05T15:40:54,18.254543863246923,-64.9751739003437,0,0,0.03479089266539314,DENI,IMO9844382,J8B6015,52,1,28,11,4.7,52,A,1
564702000,2025-09-05T15:40:54,18.23357772498349,-64.98269038111562,0,0,2.0914006786298978,EPIC CURACAO,IMO9698288,9V2515,80,1,95,15,5.5,80,A,2
353327000,2025-09-05T15:40:54,18.25726715573202,-64.97763875741884,0,0,-1.808358125038197,GRAPETREE BAY,IMO8133968,HO8940,31,1,27,8,3.4,52,A,3
375605000,2025-09-05T15:40:55,18.254544176026066,-64.97516524529154,0,0,0.03438468772239731,DENI,IMO9844382,J8B6015,52,1,28,11,4.7,52,A,1
564702000,2025-09-05T15:40:55,18.233584933660932,-64.98269465555818,0,0,2.0920840031039534,EPIC CURACAO,IMO9698288,9V2515,80,1,95,15,5.5,80,A,2
353327000,2025-09-05T15:40:55,18.257259086032107,-64.97764076962933,0,0,-1.8083794801701438,GRAPETREE BAY,IMO8133968,HO8940,31,1,27,8,3.4,52,A,3
375605000,2025-09-05T15:40:56,18.25454464688172,-64.97515224731757,0,0,0.0341672049076599,DENI,IMO9844382,J8B6015,52,1,28,11,4.7,52,A,1
564702000,2025-09-05T15:40:56,18.233595657053872,-64.98270123152663,0,0,2.0925428308779375,EPIC CURACAO,IMO9698288,9V2515,80,1,95,15,5.5,80,A,2
353327000,2025-09-05T15:40:56,18.257247018453402,-64.97764371631263,0,0,-1.8078766853726709,GRAPETREE BAY,IMO8133968,HO8940,31,1,27,8,3.4,52,A,3
375605000,2025-09-05T15:40:58,18.254544960450716,-64.97514356914967,0,0,0.033985128541617,DENI,IMO9844382,J8B6015,52,1,28,11,4.7,52,A,1
564702000,2025-09-05T15:40:58,18.233602833988726,-64.98270555957787,0,0,2.0928642357877916,EPIC CURACAO,IMO9698288,9V2515,80,1,95,15,5.5,80,A,2
353327000,2025-09-05T15:40:58,18.257238907891903,-64.97764587929784,0,0,-1.8070654643502566,GRAPETREE BAY,IMO8133968,HO8940,31,1,27,8,3.4,52,A,3
375605000,2025-09-05T15:40:59,18.254545427948045,-64.97513053555367,0,0,0.03397718992034313,DENI,IMO9844382,J8B6015,52,1,28,11,4.7,52,A,1
564702000,2025-09-05T15:40:59,18.233613672620685,-64.98271193533708,0,0,2.09268729789096,EPIC CURACAO,IMO9698288,9V2515,80,1,95,15,5.5,80,A,2
353327000,2025-09-05T15:40:59,18.257226826135785,-64.97764893838549,0,0,-1.8064783025720361,GRAPETREE BAY,IMO8133968,HO8940,31,1,27,8,3.4,52,A,3
375605000,2025-09-05T15:41:00,18.254545736709627,-64.97512183804419,0,0,0.03412318864607147,DENI,IMO9844382,J8B6015,52,1,28,11,4.7,52,A,1
564702000,2025-09-05T15:41:00,18.233620852826437,-64.98271631398555,0,0,2.092033317284654,EPIC CURACAO,IMO9698288,9V2515,80,1,95,15,5.5,80,A,2
353327000,2025-09-05T15:41:00,18.25721877041398,-64.97765095779104,0,0,-1.8060227625310825,GRAPETREE BAY,IMO8133968,HO8940,31,1,27,8,3.4,52,A,3
375605000,2025-09-05T15:41:01,18.254546296421424,-64.97510586712953,0,0,0.034489938339915795,DENI,IMO9844382,J8B6015,52,1,28,11,4.7,52,A,1
564702000,2025-09-05T15:41:01,18.23363397593284,-64.98272450380868,0,0,2.0911279203722897,EPIC CURACAO,IMO9698288,9V2515,80,1,95,15,5.5,80,A,2
353327000,2025-09-05T15:41:01,18.25720391586605,-64.97765481281826,0,0,-1.8067204731746906,GRAPETREE BAY,IMO8133968,HO8940,31,1,27,8,3.4,52,A,3
375605000,2025-09-05T15:41:02,18.254546647612177,-64.9750957291174,0,0,0.03458434056158648,DENI,IMO9844382,J8B6015,52,1,28,11,4.7,52,A,1
564702000,2025-09-05T15:41:02,18.233642388221835,-64.98272952837603,0,0,2.0910017445978646,EPIC CURACAO,IMO9698288,9V2515,80,1,95,15,5.5,80,A,2
353327000,2025-09-05T15:41:02,18.257194554911877,-64.97765703397822,0,0,-1.8070016008348504,GRAPETREE BAY,IMO8133968,HO8940,31,1,27,8,3.4,52,A,3
375605000,2025-09-05T15:41:03,18.25454694745885,-64.97508703097077,0,0,0.03474185653882312,DENI,IMO9844382,J8B6015,52,1,28,11,4.7,52,A,1
564702000,2025-09-05T15:41:03,18.233648418978643,-64.9827331163115,0,0,2.09095357352206,EPIC CURACAO,IMO9698288,9V2515,80,1,95,15,5.5,80,A,2
353327000,2025-09-05T15:41:03,18.25718646300782,-64.9776590677453,0,0,-1.8076737402803082,GRAPETREE BAY,IMO8133968,HO8940,31,1,27,8,3.4,52,A,3
375605000,2025-09-05T15:41:04,18.254547246655225,-64.97507834071828,0,0,0.03484345394321655,DENI,IMO9844382,J8B6015,52,1,28,11,4.7,52,A,1
564702000,2025-09-05T15:41:04,18.233656767214356,-64.98273822915912,0,0,2.091373538703559,EPIC CURACAO,IMO9698288,9V2515,80,1,95,15,5.5,80,A,2
353327000,2025-09-05T15:41:04,18.257178361474043,-64.97766113056937,0,0,-1.8085522262835703,GRAPETREE BAY,IMO8133968,HO8940,31,1,27,8,3.4,52,A,3
375605000,2025-09-05T15:41:06,18.254547696611784,-64.97506531711642,0,0,0.034793478026082,DENI,IMO9844382,J8B6015,52,1,28,11,4.7,52,A,1
564702000,2025-09-05T15:41:06,18.233667507372964,-64.98274478409995,0,0,2.091859577767999,EPIC CURACAO,IMO9698288,9V2515,80,1,95,15,5.5,80,A,2
353327000,2025-09-05T15:41:06,18.25716630449569,-64.97766399973001,0,0,-1.8086244058697845,GRAPETREE BAY,IMO8133968,HO8940,31,1,27,8,3.4,52,A,3
375605000,2025-09-05T15:41:07,18.254547998589178,-64.9750566416348,0,0,0.03453707149307163,DENI,IMO9844382,J8B6015,52,1,28,11,4.7,52,A,1
564702000,2025-09-05T15:41:07,18.233674731717603,-64.98274900692603,0,0,2.092457516840917,EPIC CURACAO,IMO9698288,9V2515,80,1,95,15,5.5,80,A,2
353327000,2025-09-05T15:41:07,18.257158213077442,-64.97766607501369,0,0,-1.8082649240792739,GRAPETREE BAY,IMO8133968,HO8940,31,1,27,8,3.4,52,A,3
375605000,2025-09-05T15:41:08,18.25454845580838,-64.97504363692892,0,0,0.034267796976122984,DENI,IMO9844382,J8B6015,52,1,28,11,4.7,52,A,1
564702000,2025-09-05T15:41:08,18.233685540230436,-64.9827554197679,0,0,2.092552963355443,EPIC CURACAO,IMO9698288,9V2515,80,1,95,15,5.5,80,A,2
353327000,2025-09-05T15:41:08,18.25714609309473,-64.97766920439228,0,0,-1.8077478089480246,GRAPETREE BAY,IMO8133968,HO8940,31,1,27,8,3.4,52,A,3
375605000,2025-09-05T15:41:09,18.25454876352218,-64.97503496955242,0,0,0.03378930152903513,DENI,IMO9844382,J8B6015,52,1,28,11,4.7,52,A,1
564702000,2025-09-05T15:41:09,18.23369150483588,-64.98275911935494,0,0,2.0922438555668332,EPIC CURACAO,IMO9698288,9V2515,80,1,95,15,5.5,80,A,2
353327000,2025-09-05T15:41:09,18.257138058914503,-64.9776711793639,0,0,-1.8067233764590334,GRAPETREE BAY,IMO8133968,HO8940,31,1,27,8,3.4,52,A,3
375605000,2025-09-05T15:41:10,18.25454922836433,-64.97502196477576,0,0,0.03347353505070354,DENI,IMO9844382,J8B6015,52,1,28,11,4.7,52,A,1
564702000,2025-09-05T15:41:10,18.233703447479765,-64.98276644414497,0,0,2.0917827265490985,EPIC CURACAO,IMO9698288,9V2515,80,1,95,15,5.5,80,A,2
353327000,2025-09-05T15:41:10,18.2571259089395,-64.97767439616699,0,0,-1.8063917755762593,GRAPETREE BAY,IMO8133968,HO8940,31,1,27,8,3.4,52,A,3
375605000,2025-09-05T15:41:12,18.254549694370475,-64.9750089524513,0,0,0.03300343551975994,DENI,IMO9844382,J8B6015,52,1,28,11,4.7,52,A,1
564702000,2025-09-05T15:41:12,18.23371428511632,-64.98277291063319,0,0,2.0908248903028968,EPIC CURACAO,IMO9698288,9V2515,80,1,95,15,5.5,80,A,2
353327000,2025-09-05T15:41:12,18.257113832366834,-64.97767739969967,0,0,-1.8065402426908168,GRAPETREE BAY,IMO8133968,HO8940,31,1,27,8,3.4,52,A,3
375605000,2025-09-05T15:41:13,18.254550003855528,-64.97500027217825,0,0,0.03293763799782754,DENI,IMO9844382,J8B6015,52,1,28,11,4.7,52,A,1
564702000,2025-09-05T15:41:13,18.23372145512151,-64.9827773341133,0,0,2.0907029259363936,EPIC CURACAO,IMO9698288,9V2515,80,1,95,15,5.5,80,A,2
353327000,2025-09-05T15:41:13,18.257105769893066,-64.977679386277,0,0,-1.8067621533740834,GRAPETREE BAY,IMO8133968,HO8940,31,1,27,8,3.4,52,A,3
375605000,2025-09-05T15:41:14,18.2545503112542,-64.9749915892791,0,0,0.03288369820386293,DENI,IMO9844382,J8B6015,52,1,28,11,4.7,52,A,1
564702000,2025-09-05T15:41:14,18.233728600296587,-64.98278178687686,0,0,2.090787096695805,EPIC CURACAO,IMO9698288,9V2515,80,1,95,15,5.5,80,A,2
353327000,2025-09-05T15:41:14,18.257097657097564,-64.97768148820937,0,0,-1.8078096412952418,GRAPETREE BAY,IMO8133968,HO8940,31,1,27,8,3.4,52,A,3
375605000,2025-09-05T15:41:15,18.25455076700322,-64.97497855924345,0,0,0.03295741619300069,DENI,IMO9844382,J8B6015,52,1,28,11,4.7,52,A,1
564702000,2025-09-05T15:41:15,18.233739405884318,-64.98278823142697,0,0,2.0911868009063004,EPIC CURACAO,IMO9698288,9V2515,80,1,95,15,5.5,80,A,2
353327000,2025-09-05T15:41:15,18.257085582105724,-64.97768439360992,0,0,-1.8083812874061909,GRAPETREE BAY,IMO8133968,HO8940,31,1,27,8,3.4,52,A,3
375605000,2025-09-05T15:41:16,18.254551017698912,-64.97497130436801,0,0,0.033176703257517225,DENI,IMO9844382,J8B6015,52,1,28,11,4.7,52,A,1
564702000,2025-09-05T15:41:16,18.233745444695884,-64.98279175131128,0,0,2.0919087650197303,EPIC CURACAO,IMO9698288,9V2515,80,1,95,15,5.5,80,A,2
353327000,2025-09-05T15:41:16,18.257078854223206,-64.97768601844234,0,0,-1.8087664189562338,GRAPETREE BAY,IMO8133968,HO8940,31,1,27,8,3.4,52,A,3
375605000,2025-09-05T15:41:17,18.25455151182286,-64.9749568402853,0,0,0.03334522059435611,DENI,IMO9844382,J8B6015,52,1,28,11,4.7,52,A,1
564702000,2025-09-05T15:41:17,18.23375737979155,-64.98279898470693,0,0,2.0922460421372238,EPIC CURACAO,IMO9698288,9V2515,80,1,95,15,5.5,80,A,2
353327000,2025-09-05T15:41:17,18.257065368338274,-64.97768949935535,0,0,-1.8087456024827198,GRAPETREE BAY,IMO8133968,HO8940,31,1,27,8,3.4,52,A,3
375605000,2025-09-05T15:41:18,18.254551805981652,-64.97494815565278,0,0,0.03353584207712752,DENI,IMO9844382,J8B6015,52,1,28,11,4.7,52,A,1
564702000,2025-09-05T15:41:18,18.233764534960713,-64.98280337039482,0,0,2.0922827079761817,EPIC CURACAO,IMO9698288,9V2515,80,1,95,15,5.5,80,A,2
353327000,2025-09-05T15:41:18,18.2570573363745,-64.97769145280914,0,0,-1.8079573792973411,GRAPETREE BAY,IMO8133968,HO8940,31,1,27,8,3.4,52,A,3
375605000,2025-09-05T15:41:21,18.254552540353917,-64.97492644914135,0,0,0.03343678870753309,DENI,IMO9844382,J8B6015,52,1,28,11,4.7,52,A,1
564702000,2025-09-05T15:41:21,18.233782571133993,-64.98281413161506,0,0,2.091122757558224,EPIC CURACAO,IMO9698288,9V2515,80,1,95,15,5.5,80,A,2
353327000,2025-09-05T15:41:21,18.257037123562764,-64.97769672518501,0,0,-1.806725261666818,GRAPETREE BAY,IMO8133968,HO8940,31,1,27,8,3.4,52,A,3
375605000,2025-09-05T15:41:21,18.254552836183638,-64.9749177683515,0,0,0.03321527580234157,DENI,IMO9844382,J8B6015,52,1,28,11,4.7,52,A,1
564702000,2025-09-05T15:41:21,18.233789723260877,-64.98281859800352,0,0,2.090665982582898,EPIC CURACAO,IMO9698288,9V2515,80,1,95,15,5.5,80,A,2
353327000,2025-09-05T15:41:21,18.25702909110921,-64.9776986989508,0,0,-1.8065191965390757,GRAPETREE BAY,IMO8133968,HO8940,31,1,27,8,3.4,52,A,3
375605000,2025-09-05T15:41:22,18.254552984972804,-64.9749134270905,0,0,0.03321527580234157,DENI,IMO9844382,J8B6015,52,1,28,11,4.7,52,A,1
564702000,2025-09-05T15:41:22,18.23379329505998,-64.98282084091683,0,0,2.090665982582898,EPIC CURACAO,IMO9698288,9V2515,80,1,95,15,5.5,80,A,2
353327000,2025-09-05T15:41:22,18.257025066709907,-64.97769969121185,0,0,-1.8065191965390757,GRAPETREE BAY,IMO8133968,HO8940,31,1,27,8,3.4,52,A,3
375605000,2025-09-05T15:41:23,18.25455328427793,-64.97490474485684,0,0,0.0327262555860656,DENI,IMO9844382,J8B6015,52,1,28,11,4.7,52,A,1
564702000,2025-09-05T15:41:23,18.233800474270364,-64.98282523891599,0,0,2.090397312583202,EPIC CURACAO,IMO9698288,9V2515,80,1,95,15,5.5,80,A,2
353327000,2025-09-05T15:41:23,18.257016968779617,-64.97770179422594,0,0,-1.8069883098627602,GRAPETREE BAY,IMO8133968,HO8940,31,1,27,8,3.4,52,A,3
375605000,2025-09-05T15:41:24,18.254553737593387,-64.97489171761082,0,0,0.032340442104932574,DENI,IMO9844382,J8B6015,52,1,28,11,4.7,52,A,1
564702000,2025-09-05T15:41:24,18.23381012775486,-64.98283093181774,0,0,2.0905734436786636,EPIC CURACAO,IMO9698288,9V2515,80,1,95,15,5.5,80,A,2
353327000,2025-09-05T15:41:24,18.2570048562707,-64.97770483077264,0,0,-1.8076056674781436,GRAPETREE BAY,IMO8133968,HO8940,31,1,27,8,3.4,52,A,3
375605000,2025-09-05T15:41:25,18.2545540419108,-64.97488303036727,0,0,0.03176234928562211,DENI,IMO9844382,J8B6015,52,1,28,11,4.7,52,A,1
564702000,2025-09-05T15:41:25,18.233818506402024,-64.98283596234533,0,0,2.0911942488174424,EPIC CURACAO,IMO9698288,9V2515,80,1,95,15,5.5,80,A,2
353327000,2025-09-05T15:41:25,18.256996816662806,-64.97770673020001,0,0,-1.8084718303771925,GRAPETREE BAY,IMO8133968,HO8940,31,1,27,8,3.4,52,A,3
375605000,2025-09-05T15:41:26,18.254554499156505,-64.97486999851701,0,0,0.03142716910622365,DENI,IMO9844382,J8B6015,52,1,28,11,4.7,52,A,1
564702000,2025-09-05T15:41:26,18.233829232545382,-64.9828425357926,0,0,2.091663176187557,EPIC CURACAO,IMO9698288,9V2515,80,1,95,15,5.5,80,A,2
353327000,2025-09-05T15:41:26,18.256984662499686,-64.97770983448362,0,0,-1.8089816157973346,GRAPETREE BAY,IMO8133968,HO8940,31,1,27,8,3.4,52,A,3
375605000,2025-09-05T15:41:27,18.25455480284141,-64.97486131139307,0,0,0.031060374385182124,DENI,IMO9844382,J8B6015,52,1,28,11,4.7,52,A,1
564702000,2025-09-05T15:41:27,18.233836437465794,-64.98284680175931,0,0,2.092033546149073,EPIC CURACAO,IMO9698288,9V2515,80,1,95,15,5.5,80,A,2
353327000,2025-09-05T15:41:27,18.256976609406905,-64.97771180926094,0,0,-1.809021765821841,GRAPETREE BAY,IMO8133968,HO8940,31,1,27,8,3.4,52,A,3
375605000,2025-09-05T15:41:28,18.25455525401132,-64.97484828413005,0,0,0.030920708560902448,DENI,IMO9844382,J8B6015,52,1,28,11,4.7,52,A,1
564702000,2025-09-05T15:41:28,18.233847272576163,-64.98285317976918,0,0,2.0919054744445544,EPIC CURACAO,IMO9698288,9V2515,80,1,95,15,5.5,80,A,2
353327000,2025-09-05T15:41:28,18.256964528499463,-64.97771479379253,0,0,-1.8085926512359698,GRAPETREE BAY,IMO8133968,HO8940,31,1,27,8,3.4,52,A,3
375605000,2025-09-05T15:41:29,18.254555550822456,-64.97483960332823,0,0,0.030851385604349454,DENI,IMO9844382,J8B6015,52,1,28,11,4.7,52,A,1
564702000,2025-09-05T15:41:29,18.233854432433912,-64.98285759932791,0,0,2.091331584402269,EPIC CURACAO,IMO9698288,9V2515,80,1,95,15,5.5,80,A,2
353327000,2025-09-05T15:41:29,18.25695641764258,-64.97771696221304,0,0,-1.8078801968834093,GRAPETREE BAY,IMO8133968,HO8940,31,1,27,8,3.4,52,A,3
375605000,2025-09-05T15:41:30,18.254555989494957,-64.97482659017655,0,0,0.030866480004599992,DENI,IMO9844382,J8B6015,52,1,28,11,4.7,52,A,1
564702000,2025-09-05T15:41:30,18.23386517070266,-64.98286426608551,0,0,2.090836118740822,EPIC CURACAO,IMO9698288,9V2515,80,1,95,15,5.5,80,A,2
353327000,2025-09-05T15:41:30,18.25694435208527,-64.97771998551794,0,0,-1.807297364341704,GRAPETREE BAY,IMO8133968,HO8940,31,1,27,8,3.4,52,A,3
